folder,file,path,start_page,content,token_count,chunk_id
稟議書,1.pdf,C:\Users\nyham\work\A2A\A2A\A2A_risk\samples\python\agents\data_agent\data\稟議書\1.pdf,1,"1.md 2025-05-08
1 / 1稟議書
管理番号 : RG-2024-001A 稟議 ID: AP00001
起案部署 : ⽣産管理部  起案者 : 担当者 C (EMP003) 起案⽇ : 2024年 01⽉ 10⽇
申請内容
1. 件名 : 部品 AAA調達
2. 申請⾦額 : ¥50,000 (税込 )
3. 取引先 : 取引先 Z (V00026)
4. ⽬的・理由 : 部品 AAAを上記取引先より調達する。  選定理由 : 3 社⾒積⽐較の結果、価格・納期最良の
ため。
5. 納⼊希望⽇ : 2024年 01⽉ 20⽇
決裁欄
役職承認者押印⽇付 コメント
担当課⻑渡辺 健⼀承認 2024年 01⽉ 11⽇内容確認済
⽣産管理部⻑⽥中 義男承認 2024年 01⽉ 12⽇承認いたします
最終承認⽇ : 2024年 01⽉ 12⽇  承認状況 : 承認済",417,1
稟議書,2.pdf,C:\Users\nyham\work\A2A\A2A\A2A_risk\samples\python\agents\data_agent\data\稟議書\2.pdf,1,"2.md 2025-05-08
1 / 1稟議申請書
発⾏⽇ : 2024年 02 ⽉ 05 ⽇  稟議番号 : AP00002
申請事項
項⽬詳細
申請部署購買第⼀課
申請者担当者 A (EMP001)
申請⽇ 2024年 02⽉ 05⽇
件名部品BBB調達
取引先名サプライヤー X (V00001)
申請⾦額 ¥125,000
選定理由品質・納期・過去実績を総合的に判断。
希望納期 2024年 02⽉ 20⽇
⽀払条件検収後⽉末締め翌⽉末払い
承認ルート
承認ステップ部署役職⽒名結果承認⽇
1購買第⼀課課⻑鈴⽊ ⼤輔承認済 2024/02/05
2購買部部⻑佐藤 明⼦承認済 2024/02/06
総合承認状況 : 承認済  (2024年 02 ⽉ 06 ⽇ )",415,1
稟議書,3.pdf,C:\Users\nyham\work\A2A\A2A\A2A_risk\samples\python\agents\data_agent\data\稟議書\3.pdf,1,"3.md 2025-05-08
1 / 1            ** 緊  急  稟  議  書 ** 
稟議ID: AP00003 申請⽇ : 2024年 03⽉ 15⽇
1. 申請者情報
所属: 購買第⼀課
⽒名: 担当者 A (EMP001)
2. 案件概要
件名: 部品 CCC緊急調達
取引先 : サプライヤー X (V00001)
⾦額: ¥180,000 (税別 )
3. 詳細内容  ⽣産ライン Cで使⽤する部品 CCC が急遽⽋品したため、緊急で調達が必要となりました。  選定理
由: 緊急対応可能なのは X 社のみ。
4. 希望納期  2024年 03⽉ 16⽇
5. 承認
役職⽒名承認/否認⽇付
購買部⻑佐藤 明⼦承認 2024年 03⽉ 15⽇
製造本部⻑⾼橋 誠承認 2024年 03⽉ 15⽇
承認状況 : 承認済  (2024年 03 ⽉ 15 ⽇ ) 特記事項 : 緊急案件のため、本部⻑
決裁まで同⽇実施。",455,1
稟議書,4.pdf,C:\Users\nyham\work\A2A\A2A\A2A_risk\samples\python\agents\data_agent\data\稟議書\4.pdf,1,"4.md 2025-05-08
1 / 1稟議書（サービス契約）
⽂書管理 No: R2024-SMC-015 稟議ID: AP00004
1. 基本情報  申請部署 : ⽣産管理部  申請者名 : 担当者 C (EMP003) 申請⽇ : 2024 年 04 ⽉ 08 ⽇
2. 契約内容  件名 : サービス利⽤料  契約先 : 取引先 Y (V00027) 契約⾦額 : 年額  ¥80,000 ( ⽉額換算  約 ¥6,667) 契約
期間: 2024年 05⽉ 01 ⽇〜 2025 年 04 ⽉ 30 ⽇
3. 選定理由  標準価格での契約のため。当該サービスは業務継続に必須。
4. 添付資料  - ⾒積書  (No. Y20240401-001) - サービス仕様書
5. 決裁 承認⽇ : 2024年 04 ⽉ 09 ⽇  承認者 : ⽣産管理部⻑  ⽥中  義男  ( 承認印 ) 経理部⻑  吉⽥ 和⼦  (確認印
2024/04/09) 承認状況 : 承認済",451,1
稟議書,5.pdf,C:\Users\nyham\work\A2A\A2A\A2A_risk\samples\python\agents\data_agent\data\稟議書\5.pdf,1,"5.md 2025-05-08
1 / 1稟議申請
稟議 ID: AP00005 起案⽇ : 2024年 05⽉ 12⽇
申請者 : 情報システム部  担当者 D (EMP004)
件名 : ソフトウェアライセンス購⼊（プロダクト名 : BizBooster V er.3 ）
取引先 : 取引先 W (V00030)
購⼊⾦額 : ¥150,000 (税込 )
内容および理由 : 現在利⽤中の会計システム（ SuperAccount V er.2 ）との互換性および機能連携を考慮し、  上
記ソフトウェアの新規ライセンスを 10 ユーザー分購⼊するものです。  選定理由 : 既存システムとの互換性を
考慮。  （⽐較検討表は別途情報システム部にて保管）
承認プロセス :
1. 情報システム部  部⻑  ( 中村  祐樹 ) : 承認 (2024/05/13)
2. 経理部  部⻑  (林  真⼸ ) : 承認 (2024/05/14)
総合結果 : 承認済  (承認⽇ : 2024 年 05 ⽉ 14 ⽇ )",444,1
稟議書,6.pdf,C:\Users\nyham\work\A2A\A2A\A2A_risk\samples\python\agents\data_agent\data\稟議書\6.pdf,1,"6.md 2025-05-08
1 / 1購⼊稟議書
申請No.: KBY-2024-032 稟議ID: AP00006 申請⽇ : 2024年 06⽉ 20⽇  申請部署 : 購買第⼀課  申請者 : 担当者 A
(EMP001)
1. 購⼊⽬的物 : 部品 DDD
2. 購⼊予定先 : サプライヤー X (V00001)
3. ⾒積⾦額 : ¥95,000
4. 選定理由 : 従来からの取引実績に基づき選定。品質、価格ともに安定。
5. 納⼊希望時期 : 2024年 07⽉上旬
6. ⽀払条件 : 検収後 60⽇サイト
7. 承認欄 :
承認権者⽒名承認⽇押印
購買第⼀課⻑鈴⽊ ⼤輔 2024/06/20（承認済）
購買部⻑佐藤 明⼦ 2024/06/21（承認済）
承認状況 : 承認済",396,1
稟議書,7.pdf,C:\Users\nyham\work\A2A\A2A\A2A_risk\samples\python\agents\data_agent\data\稟議書\7.pdf,1,"7.md 2025-05-08
1 / 1稟議書（外部委託）
管理ID: HR-EX T-2024-007 稟議ID: AP00007
1. 申請情報
申請部署 : ⼈事部
申請担当者 : 担当者 E (EMP005)
申請⽇ : 2024年 07⽉ 15⽇
2. 委託概要
件名: 外部研修委託（リーダーシップ研修）
委託先 : 取引先 V (V00035)
委託費⽤ : ¥300,000 (税込 )
対象者 : 次期管理職候補  10 名
実施予定⽇ : 2024年 08⽉ 20⽇〜 21 ⽇
3. 選定理由  研修内容と講師の評価が⾼いため。複数社⽐較の結果、費⽤対効果が最も⾼いと判断。  （⽐較
資料は⼈事部にて保管）
4. 添付資料
研修カリキュラム案
⾒積書  (取引先 V発⾏ )
5. 決裁ルート
役職⽒名決裁状況承認⽇
⼈事課⻑加藤 恵承認 2024/07/16
⼈事部⻑⽊村 浩承認 2024/07/18
(参考 )社⻑⼭本 達也確認済 2024/07/19
承認ステータス : 承認済  最終承認⽇ : 2024年 07⽉ 18⽇",540,1
稟議書,8.pdf,C:\Users\nyham\work\A2A\A2A\A2A_risk\samples\python\agents\data_agent\data\稟議書\8.pdf,1,"8.md 2025-05-08
1 / 1追加購⼊に関する稟議書
稟議書の識別番号 : AP00008 作成⽇ : 2024年 08⽉ 10⽇
申請セクション : ⽣産管理部  申請責任者 : 担当者 C (EMP003)
件名 : 部品 EEE追加調達
調達⾦額 : ¥30,000
調達先 : 取引先 Z (V00026)
詳細 : 以前調達した部品 EEE （稟議 ID: AP00001 関連）について、計画数量に対し実績消費量が上回ったため、
追加で調達を⾏うものです。  選定理由 : 前回調達分の追加発注であり、品質・価格の継続性を重視。
承認記録 :
⽣産管理部  課⻑  渡辺  健⼀ : 承認  (2024/08/11)
⽣産管理部  部⻑  ⽥中  義男 : 承認  (2024/08/12)
承認状況 : 承認済  (最終承認 : 2024/08/12)",402,1
稟議書,9.pdf,C:\Users\nyham\work\A2A\A2A\A2A_risk\samples\python\agents\data_agent\data\稟議書\9.pdf,1,"9.md 2025-05-08
1 / 1##################################################
稟 議  書
##################################################
稟議ID: AP00009 申請⽇ : 2024 年 09 ⽉ 05 ⽇  申請部署 : 購買第⼀課  申請者 : 担当者 A (EMP001)
件名: 部品 FFF調達（特殊仕様）
【申請⾦額】  ¥210,000 ( 税抜 )
【取引先情報】  名称 : サプライヤー X ID: V00001
【内容・理由】  開発中の新製品「プロジェクト OMEGA 」に使⽤する特殊仕様部品 FFF の調達。  選定理由 : 特
殊仕様のため、現⾏取引先で対応可能なのは X 社のみ。  品質要求仕様書 (QS-OMEGA-003) に適合。
【希望納期】  2024 年 10 ⽉ 05 ⽇
【⽀払条件】  検収後 90 ⽇以内
【承認プロセス】  承認状況 : 承認済  (最終承認⽇ : 2024/09/06)
承認者 役職 承認⽇
鈴⽊ ⼤輔購買第⼀課⻑ 2024/09/05
佐藤 明⼦購買部⻑ 2024/09/06
(回覧 )⼭⽥  ⼀郎技術開発部  部⻑ 2024/09/06
##################################################",516,1
